set,name,tags,raw,shown,cutoff,glare,blur,dark,fog,grain,angle,uneven,small,blurEffect,p95,glareFrac,edgeWidth,laplacian,median,contrast,noise,sideSkew,angleDev,unevenRatio,shortSide,edgeGap
phone,Alakazam_EX,bowed,10,9.4,false,0.00,0.00,0.00,0.00,0.00,0.00,0.00,0.00,0.207,213,0.0001,15,1.046,126,161,10.56,0.006,0.7,0.648,711,0.1083
phone,Alakazam_EX_B,,10,9.4,false,0.00,0.00,0.00,0.00,0.00,0.00,0.00,0.00,0.269,194,0,13.5,0.506,127,134,4.05,0.01,0.7,0.587,714,0.1486
phone,Alakazam_V,bowed,10,9.4,false,0.00,0.00,0.00,0.00,0.00,0.02,0.00,0.00,0.268,217,0.0006,4.5,0.809,96,206,4.08,0.043,1.8,0.771,1180,0.0573
phone,Alakazam_V_back,bowed,9.9,9.4,false,0.00,0.07,0.00,0.00,0.00,0.00,0.00,0.00,0.287,218,0,4.5,0.518,109,211,2.7,0.026,1.2,0.271,1279,0.0409
phone,Ancient_Mew,bowed,9.8,9.4,false,0.00,0.00,0.00,0.00,0.30,0.00,0.00,0.00,0.26,176,0,15.75,0.825,61,150,7.82,0.023,1.1,0.519,818,0.1057
phone,Ancient_Mew_B,,9.8,9.4,false,0.00,0.00,0.00,0.00,0.28,0.00,0.00,0.00,0.203,183,0,18,0.907,118,136,8.85,0.009,0.6,0.557,823,0.1437
phone,Charizard_4_Ultra-Premium_Collection_,sleeve,9.9,9.4,false,0.00,0.00,0.00,0.00,0.16,0.00,0.07,0.00,0.173,187,0,6,1.771,74,156,7.89,0.034,0.9,0.87,1014,0.1096
phone,Charizard_4_Ultra-Premium_Collection_back,sleeve,9.3,9.3,false,0.00,0.32,0.00,0.00,0.00,0.00,0.00,0.00,0.344,193,0,7.5,0.304,78,166,2.76,0.039,0.9,0.757,1033,0.1227
phone,Charzard_EX,,10,9.4,false,0.00,0.00,0.00,0.00,0.00,0.00,0.00,0.00,0.2,222,0,13.5,1.121,123,164,14.54,0.016,1,0.394,740,0.1108
phone,Charzard_EX_B,,9.9,9.4,false,0.00,0.06,0.00,0.00,0.00,0.00,0.00,0.00,0.283,215,0,12.75,0.445,135,161,3.11,0.016,0.9,0.654,752,0.1477
phone,Charzard_EX_phash,,10,9.4,false,0.00,0.00,0.00,0.00,0.00,0.00,0.00,0.00,0.2,222,0,13.5,1.122,124,164,14.63,0.015,1,0.409,741,0.0707
phone,Dark_Charizard,,10,9.4,false,0.00,0.00,0.00,0.00,0.00,0.00,0.00,0.00,0.171,204,0,14.25,1.015,125,189,8.7,0.007,0.4,0.465,1142,0.0799
phone,Dark_Charizard_back,,9.9,9.4,false,0.00,0.00,0.00,0.00,0.00,0.00,0.19,0.00,0.24,208,0,6.75,0.669,93,194,4.48,0.022,1.2,0.99,1135,0.0784
phone,Gengar_EX,,9.6,9.4,false,0.00,0.00,0.00,0.00,0.00,0.00,0.54,0.00,0.261,209,0,15,0.631,105,182,2.98,0.015,0.6,1.343,713,0.0718
phone,Gengar_EX_B,,10,9.4,false,0.00,0.00,0.00,0.00,0.02,0.00,0.00,0.00,0.236,192,0,14.25,0.633,119,147,5.21,0.004,0.3,0.736,736,0.1338
phone,Gengar_EX_rotated,,9.5,9.4,false,0.00,0.09,0.00,0.00,0.00,0.00,0.53,0.00,0.291,207,0,15.75,0.497,105,180,2.57,0.015,0.6,1.328,714,0.1006
phone,Gengar_Mimikyu_GX,,9.9,9.4,false,0.00,0.00,0.00,0.00,0.00,0.00,0.25,0.00,0.254,194,0.0002,10.5,0.722,87,166,3.63,0.017,0.5,1.047,654,0.069
phone,Gengar_Mimikyu_GX_B,,10,9.4,false,0.00,0.00,0.00,0.00,0.00,0.00,0.00,0.00,0.238,193,0,15,0.587,127,162,4.17,0.011,0.6,0.803,830,0.11
phone,Gengar_Vmax,,10,9.4,false,0.00,0.00,0.00,0.00,0.00,0.00,0.00,0.00,0.199,225,0.0018,10.5,1.039,160,148,12.12,0.023,1,0.551,872,0.1105
phone,Gengar_Vmax_B,,10,9.4,false,0.00,0.00,0.00,0.00,0.00,0.00,0.00,0.00,0.231,233,0.0006,15,0.54,174,151,3.91,0.014,0.5,0.665,849,0.0583
phone,IMG_1809,,9.4,9.4,false,0.00,0.09,0.00,0.00,0.00,0.00,0.44,0.15,0.291,196,0,8.25,0.287,139,161,2.15,0.01,0.4,1.236,596,0.1958
phone,IMG_1810,,8.3,8.3,false,0.00,0.33,0.00,0.00,0.00,0.00,0.99,0.00,0.347,202,0.0002,9.75,0.23,77,198,2,0.015,0.9,1.794,839,0.0325
phone,IMG_1813,,8.6,8.6,false,0.00,0.45,0.00,0.00,0.00,0.00,0.49,0.00,0.374,203,0,3,0.268,89,196,1.53,0.016,0.8,1.288,808,0.1814
phone,IMG_1814,,8.1,8.1,false,0.00,0.44,0.00,0.00,0.00,0.00,0.93,0.00,0.371,222,0.0012,13.5,0.137,111,218,1.92,0.027,2.7,1.732,749,0.153
phone,IMG_1815,,9.5,9.4,false,0.00,0.25,0.01,0.00,0.00,0.00,0.00,0.00,0.329,174,0,15,0.387,118,136,2.7,0.016,0.5,0.655,836,0.1575
phone,IMG_1816,,8.9,8.9,false,0.00,0.47,0.00,0.00,0.00,0.00,0.00,0.00,0.378,201,0.0002,3,0.313,125,163,3.34,0.01,0.7,0.429,791,0.1483
phone,IMG_1817,,8.3,8.3,false,0.00,0.57,0.00,0.22,0.00,0.00,0.00,0.00,0.402,197,0,4.5,0.276,159,104,1.88,0.02,1.1,0.225,945,0.1414
phone,IMG_1818,bowed,5.9,5.9,false,0.00,0.16,1.00,0.79,0.00,0.00,0.00,0.00,0.306,90,0,14.25,0.639,64,61,1.6,0.017,0.9,0.277,889,0.1093
phone,IMG_1819,bowed,5.8,5.8,false,0.00,0.36,1.00,0.54,0.00,0.00,0.25,0.00,0.353,91,0,11.25,0.307,42,79,1.35,0.015,1.7,1.051,1004,0.1157
phone,IMG_1820,,5.3,5.3,false,0.00,0.96,0.68,0.06,0.00,0.13,0.00,0.00,0.491,121,0,6,0.144,43,116,0.97,0.061,3,0.577,887,0.0984
phone,IMG_1821,,6.3,6.3,false,0.00,0.93,0.31,0.00,0.00,0.15,0.00,0.00,0.485,150,0,,0.168,58,141,1.29,0.064,4.2,0.239,951,0.0959
phone,IMG_1822,,7.3,7.3,false,0.00,0.77,0.27,0.00,0.00,0.00,0.00,0.00,0.448,153,0,6,0.177,63,143,1.58,0.025,1.4,0.164,788,0.1733
phone,IMG_1823,bowed,5.2,5.2,false,0.00,0.72,0.96,0.35,0.00,0.01,0.00,0.00,0.436,98,0,5.25,0.165,37,94,1.13,0.035,3.1,0.158,980,0.0753
phone,IMG_1824,bowed,5.5,5.5,false,0.00,0.75,0.89,0.28,0.00,0.00,0.00,0.00,0.442,104,0,5.25,0.158,42,99,1.22,0.023,1.4,0.114,855,0.1304
phone,IMG_1825,,10,9.4,false,0.00,0.00,0.00,0.00,0.00,0.00,0.00,0.00,0.252,199,0,11.25,0.88,174,167,1.82,0.019,1.3,0.134,1028,0.0816
phone,IMG_1826,bowed,10,9.4,false,0.00,0.00,0.00,0.00,0.00,0.02,0.00,0.00,0.265,187,0,5.25,0.792,117,156,2.7,0.042,2.8,0.671,932,0.128
phone,IMG_1827,bowed,9.4,9.4,false,0.32,0.00,0.00,0.00,0.00,0.02,0.00,0.00,0.251,241,0.0219,12,0.612,120,209,4.27,0.043,1.6,0.362,910,0.0895
phone,IMG_1828,bowed,9.8,9.4,false,0.00,0.00,0.00,0.00,0.00,0.21,0.00,0.00,0.237,201,0,12,0.897,120,173,4.88,0.073,4.4,0.788,1018,0.0809
phone,IMG_1829,,9.9,9.4,false,0.00,0.00,0.00,0.00,0.00,0.16,0.00,0.00,0.264,226,0,12.75,0.694,195,169,1.29,0.059,4.5,0.234,877,0.0675
phone,IMG_1830,,9.8,9.4,false,0.00,0.10,0.00,0.00,0.00,0.06,0.00,0.00,0.294,192,0,12,0.531,130,149,1.33,0.047,3.5,0.617,884,0.0754
phone,IMG_1831,,9.5,9.4,false,0.00,0.00,0.00,0.00,0.00,0.00,0.60,0.00,0.224,191,0.0004,12,0.802,119,159,3.02,0.023,1.5,1.399,885,0.1566
phone,IMG_1832,,8.7,8.7,false,0.00,0.51,0.00,0.00,0.00,0.02,0.00,0.00,0.388,217,0,2.25,0.297,94,208,2.06,0.043,1.6,0.129,950,0.0091
phone,IMG_1833,bowed,9.1,9.1,false,0.00,0.40,0.00,0.00,0.00,0.00,0.00,0.00,0.361,216,0.0002,1.5,0.355,95,208,2.12,0.023,1.7,0.137,877,0.0209
phone,IMG_1834,,9.1,9.1,false,0.02,0.39,0.00,0.00,0.00,0.00,0.00,0.00,0.36,231,0.0054,10.5,0.337,115,218,2.08,0.035,2.1,0.251,878,0.0086
phone,IMG_1835,,9.4,9.4,false,0.06,0.26,0.00,0.00,0.00,0.02,0.00,0.00,0.329,235,0.0076,7.5,0.389,129,220,2.71,0.042,2.5,0.327,877,0.0669
phone,IMG_1836,,9.1,9.1,false,0.00,0.38,0.00,0.00,0.00,0.03,0.00,0.00,0.358,206,0,5.25,0.342,105,195,1.99,0.044,2.7,0.316,830,0.1352
phone,IMG_1838,,9.2,9.2,false,0.00,0.37,0.00,0.00,0.00,0.00,0.00,0.00,0.354,219,0.0018,6,0.347,110,206,2.03,0.005,0.4,0.379,837,0.1152
phone,IMG_1839,sleeve,9.8,9.4,false,0.00,0.10,0.00,0.00,0.00,0.00,0.00,0.00,0.293,236,0.0011,13.5,0.607,160,178,2.3,0.032,1.3,0.569,654,0.2429
phone,IMG_1840,sleeve,10,9.4,false,0.00,0.00,0.00,0.00,0.00,0.02,0.00,0.00,0.253,211,0.0001,12.75,0.723,160,160,1.04,0.043,1.6,0.421,725,0.2258
phone,IMG_1841,sleeve,9.8,9.4,false,0.00,0.06,0.00,0.00,0.00,0.00,0.00,0.11,0.283,239,0.0022,12,0.583,200,152,1.53,0.026,0.7,0.346,611,0.2546
phone,IMG_1842,sleeve,9.6,9.4,false,0.00,0.13,0.00,0.00,0.00,0.00,0.00,0.17,0.299,218,0,13.5,0.517,178,157,1.31,0.015,0.9,0.211,592,0.2547
phone,IMG_1843,sleeve,9.9,9.4,false,0.03,0.02,0.00,0.00,0.00,0.00,0.00,0.03,0.274,226,0.0057,11.25,0.574,154,162,1.51,0.019,1.6,0.584,639,0.23
phone,IMG_1844,sleeve,9.9,9.4,false,0.00,0.00,0.00,0.09,0.00,0.00,0.00,0.00,0.268,198,0,7.5,0.721,158,113,1.22,0.032,1.6,0.662,927,0.1637
phone,IMG_1845,sleeve,10,9.4,false,0.00,0.00,0.00,0.00,0.00,0.00,0.00,0.00,0.258,208,0,9.75,0.73,164,137,1.87,0.034,1.7,0.732,876,0.1646
phone,IMG_1846,sleeve,9.8,9.4,false,0.00,0.00,0.00,0.00,0.00,0.00,0.32,0.00,0.261,216,0,12,0.527,132,163,1.34,0.031,2,1.124,897,0.1432
phone,IMG_1847,,10,9.4,false,0.00,0.00,0.00,0.00,0.00,0.06,0.00,0.00,0.244,213,0.0032,12.75,0.89,139,166,5.03,0.049,3,0.577,888,0.1041
phone,IMG_1848,sleeve,9.6,9.4,false,0.00,0.00,0.00,0.02,0.00,0.40,0.00,0.00,0.25,224,0.0001,11.25,0.709,166,119,1.85,0.103,3.4,0.453,994,0.1061
phone,IMG_1849,sleeve,9.9,9.4,false,0.00,0.08,0.00,0.00,0.00,0.00,0.00,0.00,0.288,180,0,15,0.663,149,144,2.04,0.037,2.6,0.217,948,0.0695
phone,IMG_1850,sleeve,9.7,9.4,false,0.00,0.05,0.00,0.00,0.00,0.00,0.32,0.00,0.283,203,0,14.25,0.604,119,172,2.57,0.02,0.5,1.12,1041,0.0816
phone,IMG_1851,,10,9.4,false,0.00,0.00,0.00,0.00,0.00,0.00,0.00,0.00,0.254,223,0.0035,12.75,0.741,143,186,6.39,0.014,1.5,0.672,1001,0.1209
phone,IMG_1852,,10,9.4,false,0.00,0.00,0.00,0.00,0.00,0.05,0.00,0.00,0.199,216,0,14.25,0.863,144,172,7.67,0.046,3.4,0.755,919,0.07
phone,IMG_1853,,9.9,9.4,false,0.07,0.00,0.00,0.00,0.00,0.00,0.00,0.00,0.2,230,0.008,14.25,0.8,133,209,4.66,0.006,1.5,0.707,1001,0.1223
phone,IMG_1854,,10,9.4,false,0.00,0.00,0.00,0.00,0.00,0.00,0.09,0.00,0.207,217,0.0015,14.25,0.819,131,181,1.78,0.03,1.7,0.886,1057,0.0948
phone,IMG_1855,,9.9,9.4,false,0.06,0.00,0.00,0.00,0.00,0.00,0.00,0.00,0.23,227,0.0074,13.5,0.913,190,170,3.63,0.015,1.1,0.587,1027,0.0647
phone,IMG_1856,,9.9,9.4,false,0.01,0.00,0.00,0.00,0.00,0.14,0.00,0.00,0.212,233,0.0048,9,0.622,138,220,5.11,0.062,2,0.803,1080,0.0508
phone,IMG_1857,,9.6,9.4,false,0.01,0.00,0.00,0.00,0.00,0.00,0.56,0.00,0.258,229,0.0048,6,0.554,128,218,2.84,0.036,1.5,1.363,1103,0.0919
phone,IMG_1858,,9.7,9.4,false,0.02,0.03,0.00,0.00,0.00,0.00,0.31,0.00,0.276,235,0.0051,7.5,0.479,139,218,2.59,0.016,1.9,1.111,1051,0.0869
phone,IMG_1859,,9.5,9.4,false,0.00,0.00,0.00,0.00,0.00,0.00,0.64,0.00,0.248,228,0.0029,6.75,0.654,124,212,2.97,0.022,1.3,1.442,1161,0.0286
phone,IMG_1860,,9.6,9.4,false,0.06,0.16,0.00,0.00,0.00,0.00,0.00,0.00,0.306,221,0.0074,6,0.462,97,213,2.83,0.023,1.5,0.145,1207,0.0364
phone,IMG_1861,,9.6,9.4,false,0.00,0.18,0.00,0.00,0.00,0.07,0.00,0.00,0.311,217,0.0002,5.25,0.452,102,209,2.77,0.051,2.2,0.206,1094,0.0869
phone,IMG_1862,sleeve,8.9,8.9,false,0.08,0.00,0.00,0.00,0.00,0.71,0.00,0.00,0.222,224,0.0082,12.75,0.936,181,147,7.62,0.153,5.8,0.538,721,0.2019
phone,IMG_1863,sleeve,8.7,8.7,false,0.00,0.24,0.00,0.00,0.00,0.34,0.00,0.41,0.326,225,0,12,0.545,161,158,5.47,0.094,5.2,0.481,507,0.2749
phone,IMG_1865,sleeve,8.3,8.3,false,0.06,0.00,0.00,0.00,0.00,0.79,0.46,0.20,0.269,224,0.0074,12,0.583,99,204,6.09,0.166,5,1.255,582,0.2509
phone,IMG_1866,sleeve,8.6,8.6,false,0.12,0.06,0.00,0.00,0.00,0.00,1.00,0.11,0.283,190,0.0107,9,0.439,59,168,2.05,0.011,0.4,2.865,612,0.1923
phone,IMG_1867,sleeve,9.1,9.1,false,0.00,0.34,0.00,0.00,0.00,0.00,0.00,0.19,0.349,227,0.0023,10.5,0.356,139,198,2.03,0.026,1.7,0.774,583,0.2123
phone,IMG_1868,sleeve,8.8,8.8,false,0.11,0.30,0.00,0.00,0.00,0.00,0.50,0.07,0.34,231,0.0104,13.5,0.309,164,189,2.45,0.017,1,1.301,626,0.1969
phone,IMG_1869,sleeve,6.5,6.5,false,0.00,0.57,0.81,0.25,0.00,0.00,0.00,0.00,0.401,110,0,7.5,0.264,50,101,1.46,0.029,0.9,0.424,649,0.153
phone,IMG_1870,sleeve,7.3,7.3,false,0.00,0.30,0.57,0.00,0.00,0.00,1.00,0.00,0.338,129,0.0003,3.75,0.36,60,121,1.48,0.006,0.3,1.834,721,0.0715
phone,IMG_1871,sleeve,9.9,9.4,false,0.00,0.00,0.00,0.00,0.00,0.13,0.00,0.00,0.23,196,0,13.5,0.924,72,179,3.76,0.061,1.5,0.727,982,0.11
phone,IMG_1872,sleeve,9.6,9.4,false,0.00,0.00,0.25,0.01,0.00,0.00,0.00,0.00,0.256,155,0,12.75,0.961,103,120,2.83,0.032,0.9,0.401,885,0.0691
phone,IMG_1873,sleeve,9,9,false,0.00,0.40,0.00,0.00,0.00,0.10,0.00,0.00,0.362,203,0,3,0.37,96,185,2.1,0.055,3.1,0.436,1004,0.0617
phone,IMG_1874,sleeve,8.4,8.4,false,0.00,0.55,0.00,0.00,0.00,0.23,0.00,0.00,0.396,194,0,6,0.301,85,180,1.76,0.077,2,0.459,951,0.1371
phone,IMG_1875,sleeve,9.3,9.3,false,0.00,0.00,0.00,0.00,0.00,0.55,0.00,0.00,0.214,209,0.0015,13.5,0.99,161,132,3.34,0.114,7.9,0.576,909,0.1231
phone,IMG_1876,sleeve,8.4,8.4,false,0.00,0.00,0.00,0.00,0.00,1.00,0.00,0.00,0.228,212,0.0001,14.25,0.874,166,159,2.24,0.213,13.1,0.703,993,0.0681
phone,IMG_1877,sleeve,8.7,8.7,false,0.00,0.07,0.00,0.00,0.00,0.69,0.37,0.00,0.287,219,0.0003,10.5,0.683,122,177,3.42,0.151,8.1,1.168,1121,0.0525
phone,IMG_1880,sleeve,8.8,8.8,false,0.00,0.28,0.00,0.00,0.00,0.00,0.70,0.00,0.334,228,0.0023,13.5,0.367,134,205,2.17,0.019,1.7,1.497,880,0.0515
phone,IMG_1881,sleeve,9.8,9.4,false,0.00,0.00,0.00,0.00,0.00,0.26,0.00,0.00,0.266,222,0.0011,9.75,0.467,161,193,2.81,0.082,4.4,0.481,881,0.1119
phone,IMG_1882,sleeve,10,9.4,false,0.00,0.00,0.00,0.00,0.00,0.02,0.00,0.00,0.251,222,0.0018,12,0.462,148,195,2.36,0.043,1.8,0.57,906,0.1025
phone,IMG_1883,sleeve,8.3,8.3,false,0.00,0.54,0.00,0.00,0.00,0.00,0.13,0.27,0.394,234,0.0024,13.5,0.179,178,195,2.44,0.026,1.3,0.93,557,0.1432
phone,IMG_1884,,9.4,9.4,false,0.32,0.00,0.00,0.00,0.00,0.00,0.00,0.00,0.238,245,0.0219,15,0.877,87,230,6.28,0.02,0.8,0.791,983,0.1467
phone,IMG_1885,,9.9,9.4,false,0.00,0.03,0.00,0.00,0.00,0.00,0.00,0.00,0.277,225,0.0009,6.75,0.52,110,217,4,0.002,0.2,0.699,1181,0.0744
phone,IMG_1886,sleeve,8.6,8.6,false,0.22,0.18,0.00,0.00,0.00,0.00,0.26,0.49,0.312,224,0.0165,15,0.459,129,171,3.36,0.009,0.7,1.058,478,0.3008
phone,IMG_1887,sleeve,9.2,9.2,false,0.04,0.00,0.00,0.00,0.00,0.00,0.00,0.57,0.25,228,0.0063,12,0.317,146,200,5.34,0.025,0.7,0.384,451,0.1442
phone,IMG_1888,sleeve|bad,4.8,4.8,false,0.00,0.66,1.00,0.63,0.00,0.00,0.00,0.00,0.421,94,0,6.75,0.222,52,73,1.11,0.018,0.7,0.602,670,0.2449
phone,IMG_1889,,8.2,8.2,false,0.00,0.33,0.00,0.00,0.00,0.15,1.00,0.00,0.346,190,0,7.5,0.301,48,184,1.56,0.064,3.3,1.798,686,0.1871
phone,IMG_1890,bad,4.6,4.6,false,0.00,0.96,0.80,0.25,0.00,0.16,0.07,0.00,0.49,111,0,15,0.135,48,102,1.03,0.065,3.2,0.874,669,0.2566
phone,IMG_1891,,6.8,6.8,false,0.00,0.48,0.73,0.20,0.00,0.00,0.43,0.00,0.38,116,0,9,0.445,59,105,1.63,0.038,2,1.229,831,0.1925
phone,IMG_1892,,6.5,6.5,false,0.00,0.85,0.51,0.00,0.00,0.00,0.00,0.00,0.466,134,0,,0.17,56,121,1.17,0.016,0.6,0.247,771,0.1793
phone,IMG_1893,sleeve,8.8,8.8,false,0.13,0.13,0.00,0.00,0.00,0.21,0.67,0.00,0.299,227,0.0114,12.75,0.277,102,210,2.14,0.074,2.4,1.472,729,0.1875
phone,IMG_1894,,9.1,9.1,false,0.37,0.07,0.00,0.00,0.00,0.00,0.00,0.11,0.287,235,0.0245,10.5,0.565,103,210,3.68,0.019,0.7,0.778,612,0.2525
phone,IMG_1895,,8.4,8.4,false,0.30,0.44,0.00,0.00,0.00,0.00,0.00,0.00,0.371,243,0.021,11.25,0.331,149,218,1.83,0.017,1.1,0.39,727,0.1928
phone,IMG_1896,,9.9,9.4,false,0.00,0.00,0.00,0.00,0.00,0.00,0.12,0.00,0.208,187,0,7.5,1.108,69,173,2.22,0.009,1,0.922,828,0.1995
phone,IMG_1897,,9,9,false,0.00,0.42,0.00,0.00,0.00,0.00,0.00,0.00,0.366,193,0,3.75,0.336,90,182,1.86,0.031,1,0.34,814,0.068
phone,IMG_1898,bowed,7.9,7.9,false,0.00,0.00,0.14,0.00,0.35,0.00,1.00,0.56,0.25,164,0,9,0.649,59,160,7.08,0.038,1.5,2.937,454,0.2975
phone,IMG_1899,sleeve,9.9,9.4,false,0.00,0.07,0.00,0.00,0.00,0.00,0.00,0.00,0.287,202,0,16.5,0.901,99,181,2.73,0.009,0.4,0.66,987,0.1322
phone,IMG_1900,,9.5,9.4,false,0.00,0.18,0.00,0.00,0.00,0.15,0.00,0.00,0.311,202,0.0023,8.25,0.74,91,187,5.57,0.064,2.2,0.411,967,0.1512
phone,IMG_1901,,9,9,false,0.00,0.34,0.00,0.00,0.00,0.12,0.33,0.00,0.349,196,0.0008,4.5,0.357,90,185,1.78,0.059,3.1,1.129,822,0.0963
phone,IMG_1902,,8.2,8.2,false,0.00,0.25,0.00,0.00,0.00,0.60,0.57,0.11,0.328,182,0,8.25,0.542,101,161,2.16,0.136,5.3,1.372,612,0.2223
phone,IMG_1903,,9.1,9.1,false,0.00,0.09,0.00,0.00,0.00,0.51,0.16,0.14,0.29,215,0.0012,8.25,0.598,139,190,3.17,0.119,7.6,0.956,601,0.2275
phone,IMG_1904,,9.7,9.4,false,0.00,0.18,0.00,0.00,0.00,0.00,0.00,0.00,0.312,218,0.0031,6.75,0.594,93,199,2.77,0.015,0.4,0.741,779,0.2247
phone,IMG_1905,,9.4,9.4,false,0.15,0.00,0.00,0.00,0.00,0.00,0.52,0.00,0.252,229,0.0125,12,0.556,134,203,3.11,0.01,0.6,1.32,882,0.1495
phone,IMG_1906,,8.3,8.3,false,0.00,0.09,0.00,0.00,0.00,0.97,0.11,0.00,0.29,210,0.0002,10.5,0.681,104,197,3.7,0.195,7.6,0.906,846,0.1278
phone,IMG_1907,,6.4,6.4,false,0.06,0.68,0.00,0.00,0.00,1.00,0.00,0.00,0.427,236,0.0076,4.5,0.246,124,217,1.44,0.177,15.2,0.108,653,0.0503
phone,IMG_1908,,7,7,false,0.00,0.62,0.00,0.00,0.00,0.00,0.95,0.40,0.413,180,0.0006,3.75,0.178,73,176,1.05,0.024,2.4,1.755,510,0.2882
phone,IMG_1909,bowed,7.1,7.1,false,0.00,0.68,0.41,0.00,0.00,0.36,0.00,0.00,0.427,143,0,6,0.251,62,135,1.19,0.098,3.7,0.275,661,0.2262
phone,IMG_1910,,9.1,9.1,false,0.00,0.39,0.00,0.00,0.00,0.09,0.00,0.00,0.36,234,0.0019,12,0.504,171,207,2.15,0.054,1.4,0.669,895,0.1026
phone,IMG_1911,bowed,9.5,9.4,false,0.19,0.12,0.00,0.00,0.00,0.00,0.00,0.00,0.297,241,0.0148,9.75,0.562,118,223,3.37,0.026,1.6,0.516,848,0.0387
phone,Mega_Charizard_X_ex,,9.7,9.4,false,0.10,0.00,0.00,0.00,0.00,0.00,0.19,0.00,0.225,232,0.0094,9,1.189,98,214,14.27,0.033,1.2,0.989,1145,0.0889
phone,Mega_Charizard_X_ex_109,,9.3,9.3,false,0.00,0.00,0.00,0.00,0.00,0.01,0.75,0.00,0.238,203,0.0002,6,1.02,78,181,4.78,0.041,1.7,1.553,1182,0.0663
phone,Mega_Charizard_X_ex_109_back,,10,9.4,false,0.00,0.00,0.00,0.00,0.00,0.05,0.00,0.00,0.247,213,0,4.5,0.596,100,201,4.07,0.049,1.7,0.289,1153,0.0673
phone,Mega_Charizard_X_ex_back,,10,9.4,false,0.00,0.00,0.00,0.00,0.00,0.00,0.00,0.00,0.24,205,0.0001,6,0.687,94,190,4.14,0.034,1.3,0.753,1122,0.0593
phone,Mega_Charzard_X_EX,,9.5,9.4,false,0.04,0.13,0.00,0.22,0.00,0.00,0.00,0.00,0.299,211,0.0061,9,0.838,147,104,4.63,0.023,1.3,0.658,856,0.1218
phone,Mega_Charzard_X_EX_,bad,6.6,6.6,false,0.00,1.00,0.00,0.00,0.00,0.00,0.00,0.00,0.509,224,0,11.25,0.21,150,170,1.31,0.025,1.7,0.166,928,0.0962
phone,Mega_Charzard_X_EX_W,bad,8.2,8.2,false,0.00,0.38,0.00,0.60,0.00,0.00,0.00,0.00,0.358,194,0,12.75,0.628,157,75,2.63,0.023,1.1,0.268,792,0.0769
phone,Mega_Charzard_X_EX_WB,,8.6,8.6,false,0.00,0.56,0.00,0.00,0.00,0.00,0.00,0.00,0.398,230,0.0006,9.75,0.215,149,180,1.54,0.037,1.3,0.355,738,0.0253
phone,Meowth,,10,9.4,false,0.00,0.00,0.00,0.00,0.00,0.00,0.00,0.00,0.226,212,0.0005,15.75,1.026,107,195,10.86,0.014,0.9,0.787,1171,0.0823
phone,Meowth_back,,9.8,9.4,false,0.00,0.00,0.00,0.00,0.00,0.09,0.24,0.00,0.207,215,0.0001,3,0.735,115,206,5.2,0.054,1.5,1.039,1248,0.054
phone,Mew_EX,,9.3,9.3,false,0.02,0.31,0.00,0.00,0.00,0.00,0.00,0.00,0.34,221,0.0053,13.5,0.511,175,140,4.88,0.013,0.7,0.537,723,0.0665
phone,Mew_EX_B,,8.4,8.4,false,0.00,0.59,0.00,0.00,0.00,0.00,0.01,0.00,0.406,229,0.0038,12,0.212,158,192,2.47,0.019,0.9,0.811,731,0.14
phone,Mewtwo,bowed,9.1,9.1,false,0.28,0.00,0.00,0.00,0.00,0.00,0.51,0.00,0.206,229,0.0196,14.25,1.086,63,213,2.42,0.012,0.6,1.314,1145,0.0908
phone,Mewtwo_GX,,10,9.4,false,0.00,0.00,0.00,0.00,0.00,0.00,0.00,0.00,0.201,207,0.0001,9,1.144,109,142,4.06,0.018,0.6,0.303,777,0.0554
phone,Mewtwo_GX_B,,10,9.4,false,0.00,0.00,0.00,0.00,0.00,0.00,0.00,0.00,0.247,194,0,15,0.602,128,121,3.24,0.03,1,0.485,798,0.1277
phone,Mewtwo_Mew_GX_Promo,,9.9,9.4,false,0.00,0.00,0.00,0.00,0.09,0.00,0.10,0.00,0.244,194,0.0001,12.75,0.933,103,162,8.45,0.01,0.6,0.9,756,0.0839
phone,Mewtwo_Mew_GX_Promo_B,,10,9.4,false,0.00,0.00,0.00,0.00,0.00,0.00,0.00,0.00,0.255,203,0,12.75,0.576,135,156,3.78,0.014,0.9,0.741,805,0.111
phone,Mewtwo_Mew_Gx,,10,9.4,false,0.00,0.00,0.00,0.00,0.00,0.00,0.00,0.00,0.204,218,0.0004,13.5,1.068,139,167,12.28,0.014,0.9,0.561,752,0.0929
phone,Mewtwo_Mew_Gx_B,,10,9.4,false,0.00,0.00,0.00,0.00,0.00,0.00,0.00,0.00,0.249,202,0,13.5,0.571,132,156,4.3,0.011,0.6,0.751,701,0.1309
phone,Mewtwo_Vstar,,10,9.4,false,0.00,0.00,0.00,0.00,0.00,0.00,0.00,0.00,0.203,229,0.0001,17.25,1.01,137,171,14.32,0.013,0.9,0.649,729,0.0812
phone,Mewtwo_Vstar_B,,10,9.4,false,0.00,0.00,0.00,0.00,0.00,0.00,0.00,0.00,0.257,193,0,12.75,0.536,119,153,3.65,0.013,1,0.679,728,0.1757
phone,Mewtwo_back,bowed,9.9,9.4,false,0.00,0.00,0.00,0.00,0.00,0.13,0.00,0.00,0.238,216,0.0001,3,0.655,108,206,3.67,0.061,1.7,0.429,1238,0.0583
phone,Oricorio_Ex,,8.9,8.9,false,0.05,0.00,0.00,0.00,0.00,0.00,1.00,0.00,0.207,224,0.0066,10.5,1.371,61,211,20.79,0.033,1.2,2.302,1199,0.0641
phone,Oricorio_ex_back,bowed,10,9.4,false,0.00,0.00,0.00,0.00,0.00,0.00,0.00,0.00,0.266,215,0,3,0.547,103,206,4.02,0.022,1,0.425,1194,0.0736
phone,Pikachu_EX,,9.9,9.4,false,0.00,0.00,0.00,0.10,0.00,0.00,0.00,0.00,0.216,205,0,14.25,1.107,162,113,6.53,0.016,0.8,0.183,810,0.1478
phone,Pikachu_EX_B,,10,9.4,false,0.00,0.00,0.00,0.00,0.00,0.00,0.00,0.00,0.23,193,0,12,0.626,120,154,4.42,0.023,1,0.756,828,0.125
phone,Pikachu_With_Grey_Felt_Hat,bowed,10,9.4,false,0.00,0.00,0.00,0.00,0.00,0.00,0.00,0.00,0.228,189,0,14.25,0.792,107,132,4.08,0.031,1.3,0.498,866,0.1251
phone,Pikachu_With_Grey_Felt_Hat_B,,10,9.4,false,0.00,0.02,0.00,0.00,0.00,0.00,0.00,0.00,0.275,186,0,3.75,0.418,102,163,3.15,0.021,0.8,0.246,786,0.0209
phone,Sabrina_s_Gengar,bowed,10,9.4,false,0.00,0.00,0.00,0.00,0.00,0.00,0.00,0.00,0.194,207,0,10.5,0.963,149,175,8.61,0.004,0.2,0.26,1180,0.0786
phone,Sabrina_s_Gengar_back,,9.9,9.4,false,0.00,0.00,0.00,0.00,0.00,0.00,0.20,0.00,0.229,209,0.0001,9,0.739,106,192,4.88,0.031,1.2,0.996,1165,0.0746
tag,C1240631_7_NEAR_MINT,tag-studio,9.8,9.8,false,0.13,0.00,0.00,0.00,0.00,0.00,0.00,0.00,0.23,233,0.0113,,0.788,172,201,6.73,0,0,0.275,1443,0
tag,C9144298_6_5_EX_MT_,tag-studio,10,10,false,0.00,0.00,0.00,0.00,0.00,0.00,0.00,0.00,0.21,191,0,,0.704,78,175,2.87,0,0,0.501,1442,0
tag,D8865388_10_GEM_MINT,tag-studio,9.7,9.7,false,0.20,0.00,0.00,0.00,0.00,0.00,0.00,0.00,0.192,234,0.0155,,1.165,95,202,10.26,0,0,0.427,1439,0
tag,E6359418_7_NEAR_MINT,tag-studio,10,10,false,0.00,0.00,0.00,0.00,0.00,0.00,0.00,0.00,0.171,210,0.0016,,1.527,82,185,8.75,0,0,0.643,1438,0
tag,F4026206_7_NEAR_MINT,tag-studio,10,10,false,0.00,0.00,0.00,0.00,0.00,0.00,0.00,0.00,0.211,204,0.0002,,0.974,156,136,4.99,0,0,0.231,1443,0
tag,G3983629_1_POOR,tag-studio,9.3,9.3,false,0.00,0.00,0.10,0.00,0.56,0.00,0.14,0.00,0.201,167,0.0004,,1.443,62,146,9.91,0,0,0.942,1449,0
tag,H3262354_7_NEAR_MINT,tag-studio,10,10,false,0.00,0.00,0.00,0.00,0.00,0.00,0.00,0.00,0.219,204,0,,0.675,148,191,3.95,0,0,0.244,1446,0
tag,J4029754_5_EXCELLENT,tag-studio,9.4,9.4,false,0.11,0.00,0.00,0.00,0.00,0.00,0.54,0.00,0.224,208,0.0099,,1.061,53,192,7.39,0,0,1.336,1448,0
tag,K2621159_10_GEM_MINT,tag-studio,10,10,false,0.00,0.00,0.00,0.00,0.00,0.00,0.00,0.00,0.228,215,0.0012,,0.896,96,165,5.54,0,0,0.77,1444,0
tag,L5423060_9_MINT,tag-studio,10,10,false,0.00,0.00,0.00,0.00,0.00,0.00,0.00,0.00,0.204,215,0.0042,,1.289,104,201,14.72,0,0,0.744,1438,0
tag,M2537851_4_VG_EX,tag-studio,7.6,7.6,false,0.86,0.00,0.00,0.00,0.00,0.00,0.00,0.00,0.205,252,0.052,,0.743,162,197,4.97,0,0,0.375,1443,0
tag,N2589521_4_VG_EX,tag-studio,10,10,false,0.00,0.00,0.00,0.00,0.00,0.00,0.00,0.00,0.219,198,0.0001,,0.71,129,176,4.07,0,0,0.244,1444,0
tag,N6930656_6_EX_MT,tag-studio,9.9,9.9,false,0.09,0.00,0.00,0.00,0.00,0.00,0.00,0.00,0.169,220,0.009,,1.673,120,171,13.05,0,0,0.376,1442,0
tag,P5826828_8_NM_MT,tag-studio,8.7,8.7,false,0.56,0.00,0.00,0.00,0.00,0.00,0.00,0.00,0.183,233,0.0353,,0.672,124,209,5.73,0,0,0.261,1444,0
tag,Q6989794_2_GOOD,tag-studio,9.8,9.8,false,0.10,0.00,0.00,0.00,0.00,0.00,0.05,0.00,0.218,194,0.0095,,0.886,89,164,3.94,0,0,0.854,1443,0
tag,R4025544_5_EXCELLENT,tag-studio,8.5,8.5,false,0.64,0.00,0.00,0.00,0.00,0.00,0.00,0.00,0.17,244,0.0396,,1.402,138,200,14.54,0,0,0.52,1443,0
tag,S5424566_8_NM_MT,tag-studio,10,10,false,0.01,0.00,0.00,0.00,0.00,0.00,0.00,0.00,0.186,214,0.0048,,0.955,67,200,6.55,0,0,0.596,1444,0
tag,T8026856_9_MINT,tag-studio,7,7,false,1.00,0.00,0.00,0.00,0.00,0.00,0.00,0.00,0.182,255,0.1926,,1.356,150,214,14.37,0,0,0.704,1444,0
tag,U7976344_5_EXCELLENT,tag-studio,10,10,false,0.00,0.00,0.00,0.00,0.07,0.00,0.00,0.00,0.218,179,0,,0.709,137,158,5.45,0,0,0.178,1445,0
tag,V6177020_10_GEM_MINT,tag-studio,9.6,9.6,false,0.00,0.00,0.01,0.00,0.43,0.00,0.00,0.00,0.167,174,0,,1.305,119,154,9.73,0,0,0.279,1446,0
tag,W3403188_10_GEM_MINT,tag-studio,9.9,9.9,false,0.00,0.00,0.00,0.00,0.20,0.00,0.01,0.00,0.201,178,0.0006,,1.133,78,160,6.97,0,0,0.808,1441,0
tag,X3652777_9_MINT,tag-studio,10,10,false,0.00,0.00,0.00,0.00,0.00,0.00,0.00,0.00,0.199,228,0.001,,0.868,133,186,7.21,0,0,0.314,1445,0
tag,X9980148_9_MINT,tag-studio,10,10,false,0.00,0.00,0.00,0.00,0.00,0.00,0.00,0.00,0.262,198,0,,0.604,101,167,4.18,0,0,0.527,1441,0
tag,Z3058395_7_NEAR_MINT,tag-studio,9.9,9.9,false,0.00,0.00,0.00,0.00,0.15,0.00,0.00,0.00,0.194,189,0.0003,,1.298,114,144,8.15,0,0,0.49,1444,0